,temp,rain,doy,datetime
2007-06-14 00:00:00,3.526,0.5,165.0,2007-06-14 00:00:00
2007-06-14 00:57:36,3.427,0.0,165.04,2007-06-14 00:57:36
2007-06-14 01:55:12,4.535,0.0,165.08,2007-06-14 01:55:12
2007-06-14 02:52:48,3.891,0.0,165.12,2007-06-14 02:52:48
2007-06-14 04:04:48,4.283,0.0,165.17,2007-06-14 04:04:48
2007-06-14 05:02:24,4.093,0.0,165.21,2007-06-14 05:02:24
2007-06-14 06:00:00,4.526,0.0,165.25,2007-06-14 06:00:00
2007-06-14 06:57:36,6.041,0.0,165.29,2007-06-14 06:57:36
2007-06-14 07:55:12,7.84,0.0,165.33,2007-06-14 07:55:12
2007-06-14 09:07:12,8.48,0.0,165.38,2007-06-14 09:07:12
2007-06-14 10:04:48,9.23,0.0,165.42,2007-06-14 10:04:48
2007-06-14 11:02:24,10.6,0.0,165.46,2007-06-14 11:02:24
2007-06-14 12:00:00,9.31,0.0,165.5,2007-06-14 12:00:00
2007-06-14 12:57:36,11.03,0.0,165.54,2007-06-14 12:57:36
2007-06-14 13:55:12,10.57,0.0,165.58,2007-06-14 13:55:12
2007-06-14 14:52:48,9.99,0.0,165.62,2007-06-14 14:52:48
2007-06-14 16:04:48,9.46,0.0,165.67,2007-06-14 16:04:48
2007-06-14 17:02:24,9.23,0.1,165.71,2007-06-14 17:02:24
2007-06-14 18:00:00,9.46,0.0,165.75,2007-06-14 18:00:00
2007-06-14 18:57:36,7.67,0.0,165.79,2007-06-14 18:57:36
2007-06-14 19:55:12,8.28,0.0,165.83,2007-06-14 19:55:12
2007-06-14 21:07:12,7.99,0.1,165.88,2007-06-14 21:07:12
2007-06-14 22:04:48,5.374,0.2,165.92,2007-06-14 22:04:48
2007-06-14 23:02:24,4.364,0.9,165.96,2007-06-14 23:02:24
2007-06-15 00:00:00,5.817,0.0,166.0,2007-06-15 00:00:00
2007-06-15 00:57:36,7.72,0.0,166.04,2007-06-15 00:57:36
2007-06-15 01:55:12,6.027,0.0,166.08,2007-06-15 01:55:12
2007-06-15 02:52:48,5.522,0.2,166.12,2007-06-15 02:52:48
2007-06-15 04:04:48,5.861,1.2,166.17,2007-06-15 04:04:48
2007-06-15 05:02:24,4.789,3.5,166.21,2007-06-15 05:02:24
2007-06-15 06:00:00,4.772,1.4,166.25,2007-06-15 06:00:00
2007-06-15 06:57:36,3.544,1.7,166.29,2007-06-15 06:57:36
2007-06-15 07:55:12,5.618,0.2,166.33,2007-06-15 07:55:12
2007-06-15 09:07:12,6.266,0.9,166.38,2007-06-15 09:07:12
2007-06-15 10:04:48,3.999,1.6,166.42,2007-06-15 10:04:48
2007-06-15 11:02:24,4.1,0.8,166.46,2007-06-15 11:02:24
2007-06-15 12:00:00,3.871,3.1,166.5,2007-06-15 12:00:00
2007-06-15 12:57:36,2.507,4.9,166.54,2007-06-15 12:57:36
2007-06-15 13:55:12,2.347,4.9,166.58,2007-06-15 13:55:12
2007-06-15 14:52:48,2.214,0.2,166.62,2007-06-15 14:52:48
2007-06-15 16:04:48,3.307,0.1,166.67,2007-06-15 16:04:48
2007-06-15 17:02:24,3.672,0.0,166.71,2007-06-15 17:02:24
2007-06-15 18:00:00,5.725,0.0,166.75,2007-06-15 18:00:00
2007-06-15 18:57:36,2.707,0.0,166.79,2007-06-15 18:57:36
2007-06-15 19:55:12,1.93,0.0,166.83,2007-06-15 19:55:12
2007-06-15 21:07:12,1.93,0.0,166.88,2007-06-15 21:07:12
2007-06-15 22:04:48,1.595,0.0,166.92,2007-06-15 22:04:48
2007-06-15 23:02:24,1.205,0.0,166.96,2007-06-15 23:02:24
2007-06-16 00:00:00,1.087,0.0,167.0,2007-06-16 00:00:00
2007-06-16 00:57:36,1.017,0.0,167.04,2007-06-16 00:57:36
2007-06-16 01:55:12,0.598,0.0,167.08,2007-06-16 01:55:12
2007-06-16 02:52:48,0.782,0.0,167.12,2007-06-16 02:52:48
2007-06-16 04:04:48,-0.165,0.0,167.17,2007-06-16 04:04:48
2007-06-16 05:02:24,-0.523,0.0,167.21,2007-06-16 05:02:24
2007-06-16 06:00:00,0.36,0.0,167.25,2007-06-16 06:00:00
2007-06-16 06:57:36,1.334,0.0,167.29,2007-06-16 06:57:36
2007-06-16 07:55:12,2.138,0.0,167.33,2007-06-16 07:55:12
2007-06-16 09:07:12,2.185,0.0,167.38,2007-06-16 09:07:12
2007-06-16 10:04:48,3.995,0.0,167.42,2007-06-16 10:04:48
2007-06-16 11:02:24,5.536,0.0,167.46,2007-06-16 11:02:24
2007-06-16 12:00:00,7.37,0.0,167.5,2007-06-16 12:00:00
2007-06-16 12:57:36,7.8,0.0,167.54,2007-06-16 12:57:36
2007-06-16 13:55:12,8.49,0.0,167.58,2007-06-16 13:55:12
2007-06-16 14:52:48,8.36,0.0,167.62,2007-06-16 14:52:48
2007-06-16 16:04:48,9.0,0.0,167.67,2007-06-16 16:04:48
2007-06-16 17:02:24,9.36,0.0,167.71,2007-06-16 17:02:24
2007-06-16 18:00:00,8.51,0.0,167.75,2007-06-16 18:00:00
2007-06-16 18:57:36,7.12,0.0,167.79,2007-06-16 18:57:36
2007-06-16 19:55:12,5.733,0.0,167.83,2007-06-16 19:55:12
2007-06-16 21:07:12,4.852,0.0,167.88,2007-06-16 21:07:12
2007-06-16 22:04:48,4.077,0.0,167.92,2007-06-16 22:04:48
2007-06-16 23:02:24,2.896,0.0,167.96,2007-06-16 23:02:24
2007-06-17 00:00:00,3.943,0.0,168.0,2007-06-17 00:00:00
2007-06-17 00:57:36,3.542,0.0,168.04,2007-06-17 00:57:36
2007-06-17 01:55:12,1.993,0.0,168.08,2007-06-17 01:55:12
2007-06-17 02:52:48,1.185,0.0,168.12,2007-06-17 02:52:48
2007-06-17 04:04:48,1.117,0.0,168.17,2007-06-17 04:04:48
2007-06-17 05:02:24,0.904,0.0,168.21,2007-06-17 05:02:24
2007-06-17 06:00:00,1.395,0.0,168.25,2007-06-17 06:00:00
2007-06-17 06:57:36,2.822,0.0,168.29,2007-06-17 06:57:36
2007-06-17 07:55:12,5.506,0.0,168.33,2007-06-17 07:55:12
2007-06-17 09:07:12,6.614,0.0,168.38,2007-06-17 09:07:12
2007-06-17 10:04:48,7.87,0.0,168.42,2007-06-17 10:04:48
2007-06-17 11:02:24,9.14,0.0,168.46,2007-06-17 11:02:24
2007-06-17 12:00:00,9.45,0.0,168.5,2007-06-17 12:00:00
2007-06-17 12:57:36,9.28,0.0,168.54,2007-06-17 12:57:36
2007-06-17 13:55:12,10.5,0.0,168.58,2007-06-17 13:55:12
2007-06-17 14:52:48,9.32,0.0,168.62,2007-06-17 14:52:48
2007-06-17 16:04:48,7.95,0.0,168.67,2007-06-17 16:04:48
2007-06-17 17:02:24,7.95,0.0,168.71,2007-06-17 17:02:24
2007-06-17 18:00:00,6.689,0.0,168.75,2007-06-17 18:00:00
2007-06-17 18:57:36,5.87,0.4,168.79,2007-06-17 18:57:36
2007-06-17 19:55:12,4.992,0.4,168.83,2007-06-17 19:55:12
2007-06-17 21:07:12,5.054,0.0,168.88,2007-06-17 21:07:12
2007-06-17 22:04:48,7.66,0.0,168.92,2007-06-17 22:04:48
2007-06-17 23:02:24,7.68,0.0,168.96,2007-06-17 23:02:24
2007-06-18 00:00:00,7.8,0.0,169.0,2007-06-18 00:00:00
2007-06-18 00:57:36,6.597,1.4,169.04,2007-06-18 00:57:36
2007-06-18 01:55:12,4.21,0.5,169.08,2007-06-18 01:55:12
2007-06-18 02:52:48,5.176,0.2,169.12,2007-06-18 02:52:48
2007-06-18 04:04:48,5.963,0.0,169.17,2007-06-18 04:04:48
2007-06-18 05:02:24,5.038,0.0,169.21,2007-06-18 05:02:24
2007-06-18 06:00:00,3.81,0.1,169.25,2007-06-18 06:00:00
2007-06-18 06:57:36,6.31,0.0,169.29,2007-06-18 06:57:36
2007-06-18 07:55:12,7.66,0.0,169.33,2007-06-18 07:55:12
2007-06-18 09:07:12,9.07,0.0,169.38,2007-06-18 09:07:12
2007-06-18 10:04:48,10.04,0.0,169.42,2007-06-18 10:04:48
2007-06-18 11:02:24,10.58,0.0,169.46,2007-06-18 11:02:24
2007-06-18 12:00:00,11.45,0.0,169.5,2007-06-18 12:00:00
2007-06-18 12:57:36,12.34,0.0,169.54,2007-06-18 12:57:36
2007-06-18 13:55:12,11.2,0.0,169.58,2007-06-18 13:55:12
2007-06-18 14:52:48,11.26,0.0,169.62,2007-06-18 14:52:48
2007-06-18 16:04:48,11.64,0.0,169.67,2007-06-18 16:04:48
2007-06-18 17:02:24,11.21,0.0,169.71,2007-06-18 17:02:24
2007-06-18 18:00:00,10.27,0.0,169.75,2007-06-18 18:00:00
2007-06-18 18:57:36,10.21,0.0,169.79,2007-06-18 18:57:36
2007-06-18 19:55:12,9.03,0.0,169.83,2007-06-18 19:55:12
2007-06-18 21:07:12,9.34,0.0,169.88,2007-06-18 21:07:12
2007-06-18 22:04:48,7.99,0.0,169.92,2007-06-18 22:04:48
2007-06-18 23:02:24,8.08,0.0,169.96,2007-06-18 23:02:24
2007-06-19 00:00:00,7.5,0.0,170.0,2007-06-19 00:00:00
2007-06-19 00:57:36,8.36,0.0,170.04,2007-06-19 00:57:36
2007-06-19 01:55:12,7.8,0.0,170.08,2007-06-19 01:55:12
2007-06-19 02:52:48,5.629,0.0,170.12,2007-06-19 02:52:48
2007-06-19 04:04:48,6.462,0.0,170.17,2007-06-19 04:04:48
2007-06-19 05:02:24,4.465,0.0,170.21,2007-06-19 05:02:24
2007-06-19 06:00:00,4.385,0.0,170.25,2007-06-19 06:00:00
2007-06-19 06:57:36,6.69,0.0,170.29,2007-06-19 06:57:36
2007-06-19 07:55:12,7.2,0.0,170.33,2007-06-19 07:55:12
2007-06-19 09:07:12,8.46,0.0,170.38,2007-06-19 09:07:12
2007-06-19 10:04:48,11.14,0.0,170.42,2007-06-19 10:04:48
2007-06-19 11:02:24,12.45,0.0,170.46,2007-06-19 11:02:24
2007-06-19 12:00:00,12.88,0.0,170.5,2007-06-19 12:00:00
2007-06-19 12:57:36,12.97,0.0,170.54,2007-06-19 12:57:36
2007-06-19 13:55:12,14.82,0.0,170.58,2007-06-19 13:55:12
2007-06-19 14:52:48,15.13,0.0,170.62,2007-06-19 14:52:48
2007-06-19 16:04:48,15.36,0.0,170.67,2007-06-19 16:04:48
2007-06-19 17:02:24,14.11,0.0,170.71,2007-06-19 17:02:24
2007-06-19 18:00:00,13.53,0.0,170.75,2007-06-19 18:00:00
2007-06-19 18:57:36,13.19,0.0,170.79,2007-06-19 18:57:36
2007-06-19 19:55:12,12.37,0.0,170.83,2007-06-19 19:55:12
2007-06-19 21:07:12,12.37,0.0,170.88,2007-06-19 21:07:12
2007-06-19 22:04:48,12.15,0.0,170.92,2007-06-19 22:04:48
2007-06-19 23:02:24,12.43,0.0,170.96,2007-06-19 23:02:24
2007-06-20 00:00:00,12.01,0.0,171.0,2007-06-20 00:00:00
2007-06-20 00:57:36,11.8,0.0,171.04,2007-06-20 00:57:36
2007-06-20 01:55:12,11.4,0.0,171.08,2007-06-20 01:55:12
2007-06-20 02:52:48,10.7,0.0,171.12,2007-06-20 02:52:48
2007-06-20 04:04:48,8.65,0.0,171.17,2007-06-20 04:04:48
2007-06-20 05:02:24,6.699,0.0,171.21,2007-06-20 05:02:24
2007-06-20 06:00:00,6.855,0.0,171.25,2007-06-20 06:00:00
2007-06-20 06:57:36,7.35,0.0,171.29,2007-06-20 06:57:36
2007-06-20 07:55:12,9.33,0.0,171.33,2007-06-20 07:55:12
2007-06-20 09:07:12,10.46,0.0,171.38,2007-06-20 09:07:12
2007-06-20 10:04:48,10.79,0.0,171.42,2007-06-20 10:04:48
2007-06-20 11:02:24,12.94,0.0,171.46,2007-06-20 11:02:24
2007-06-20 12:00:00,15.39,0.0,171.5,2007-06-20 12:00:00
2007-06-20 12:57:36,15.5,0.0,171.54,2007-06-20 12:57:36
2007-06-20 13:55:12,13.65,0.0,171.58,2007-06-20 13:55:12
2007-06-20 14:52:48,13.98,0.0,171.62,2007-06-20 14:52:48
2007-06-20 16:04:48,14.85,0.0,171.67,2007-06-20 16:04:48
2007-06-20 17:02:24,12.77,0.1,171.71,2007-06-20 17:02:24
2007-06-20 18:00:00,11.54,0.4,171.75,2007-06-20 18:00:00
2007-06-20 18:57:36,5.552,5.9,171.79,2007-06-20 18:57:36
2007-06-20 19:55:12,7.5,0.0,171.83,2007-06-20 19:55:12
2007-06-20 21:07:12,7.24,0.0,171.88,2007-06-20 21:07:12
2007-06-20 22:04:48,8.94,0.0,171.92,2007-06-20 22:04:48
2007-06-20 23:02:24,10.97,0.0,171.96,2007-06-20 23:02:24
2007-06-21 00:00:00,11.69,0.0,172.0,2007-06-21 00:00:00
2007-06-21 00:57:36,11.19,0.0,172.04,2007-06-21 00:57:36
2007-06-21 01:55:12,10.71,0.0,172.08,2007-06-21 01:55:12
2007-06-21 02:52:48,10.22,0.0,172.12,2007-06-21 02:52:48
2007-06-21 04:04:48,10.99,0.0,172.17,2007-06-21 04:04:48
2007-06-21 05:02:24,9.41,0.0,172.21,2007-06-21 05:02:24
2007-06-21 06:00:00,11.19,0.0,172.25,2007-06-21 06:00:00
2007-06-21 06:57:36,10.88,0.0,172.29,2007-06-21 06:57:36
2007-06-21 07:55:12,10.36,0.0,172.33,2007-06-21 07:55:12
2007-06-21 09:07:12,11.81,0.0,172.38,2007-06-21 09:07:12
2007-06-21 10:04:48,4.626,3.5,172.42,2007-06-21 10:04:48
2007-06-21 11:02:24,7.3,0.5,172.46,2007-06-21 11:02:24
2007-06-21 12:00:00,9.83,0.0,172.5,2007-06-21 12:00:00
2007-06-21 12:57:36,10.8,0.0,172.54,2007-06-21 12:57:36
2007-06-21 13:55:12,11.24,0.0,172.58,2007-06-21 13:55:12
2007-06-21 14:52:48,12.16,0.0,172.62,2007-06-21 14:52:48
2007-06-21 16:04:48,12.06,0.0,172.67,2007-06-21 16:04:48
2007-06-21 17:02:24,11.56,0.0,172.71,2007-06-21 17:02:24
2007-06-21 18:00:00,10.73,0.0,172.75,2007-06-21 18:00:00
2007-06-21 18:57:36,9.21,0.0,172.79,2007-06-21 18:57:36
2007-06-21 19:55:12,7.17,0.0,172.83,2007-06-21 19:55:12
2007-06-21 21:07:12,6.248,0.0,172.88,2007-06-21 21:07:12
2007-06-21 22:04:48,5.342,0.0,172.92,2007-06-21 22:04:48
2007-06-21 23:02:24,4.528,0.0,172.96,2007-06-21 23:02:24
2007-06-22 00:00:00,5.231,0.0,173.0,2007-06-22 00:00:00
2007-06-22 00:57:36,4.585,0.0,173.04,2007-06-22 00:57:36
2007-06-22 01:55:12,3.84,0.0,173.08,2007-06-22 01:55:12
2007-06-22 02:52:48,6.069,0.0,173.12,2007-06-22 02:52:48
2007-06-22 04:04:48,8.08,0.0,173.17,2007-06-22 04:04:48
2007-06-22 05:02:24,7.64,0.0,173.21,2007-06-22 05:02:24
2007-06-22 06:00:00,7.5,0.0,173.25,2007-06-22 06:00:00
2007-06-22 06:57:36,6.272,0.0,173.29,2007-06-22 06:57:36
2007-06-22 07:55:12,7.73,0.0,173.33,2007-06-22 07:55:12
2007-06-22 09:07:12,5.869,0.1,173.38,2007-06-22 09:07:12
2007-06-22 10:04:48,4.909,0.6,173.42,2007-06-22 10:04:48
2007-06-22 11:02:24,6.23,0.0,173.46,2007-06-22 11:02:24
2007-06-22 12:00:00,9.48,0.0,173.5,2007-06-22 12:00:00
2007-06-22 12:57:36,9.13,0.0,173.54,2007-06-22 12:57:36
2007-06-22 13:55:12,8.34,0.0,173.58,2007-06-22 13:55:12
2007-06-22 14:52:48,9.22,0.0,173.62,2007-06-22 14:52:48
2007-06-22 16:04:48,9.26,0.0,173.67,2007-06-22 16:04:48
2007-06-22 17:02:24,8.68,0.0,173.71,2007-06-22 17:02:24
2007-06-22 18:00:00,8.76,0.0,173.75,2007-06-22 18:00:00
2007-06-22 18:57:36,7.49,0.0,173.79,2007-06-22 18:57:36
2007-06-22 19:55:12,6.509,0.0,173.83,2007-06-22 19:55:12
2007-06-22 21:07:12,4.496,0.0,173.88,2007-06-22 21:07:12
2007-06-22 22:04:48,4.302,0.0,173.92,2007-06-22 22:04:48
2007-06-22 23:02:24,3.652,0.0,173.96,2007-06-22 23:02:24
2007-06-23 00:00:00,2.696,0.0,174.0,2007-06-23 00:00:00
2007-06-23 00:57:36,1.592,0.0,174.04,2007-06-23 00:57:36
2007-06-23 01:55:12,1.427,0.0,174.08,2007-06-23 01:55:12
2007-06-23 02:52:48,0.824,0.0,174.12,2007-06-23 02:52:48
2007-06-23 04:04:48,0.736,0.0,174.17,2007-06-23 04:04:48
2007-06-23 05:02:24,0.438,0.0,174.21,2007-06-23 05:02:24
2007-06-23 06:00:00,0.613,0.0,174.25,2007-06-23 06:00:00
2007-06-23 06:57:36,1.23,0.0,174.29,2007-06-23 06:57:36
2007-06-23 07:55:12,2.262,0.0,174.33,2007-06-23 07:55:12
2007-06-23 09:07:12,2.978,0.0,174.38,2007-06-23 09:07:12
2007-06-23 10:04:48,4.379,0.0,174.42,2007-06-23 10:04:48
2007-06-23 11:02:24,6.147,0.0,174.46,2007-06-23 11:02:24
2007-06-23 12:00:00,7.53,0.0,174.5,2007-06-23 12:00:00
2007-06-23 12:57:36,9.19,0.0,174.54,2007-06-23 12:57:36
2007-06-23 13:55:12,10.17,0.0,174.58,2007-06-23 13:55:12
2007-06-23 14:52:48,11.46,0.0,174.62,2007-06-23 14:52:48
2007-06-23 16:04:48,10.55,0.0,174.67,2007-06-23 16:04:48
2007-06-23 17:02:24,10.02,0.0,174.71,2007-06-23 17:02:24
2007-06-23 18:00:00,9.61,0.0,174.75,2007-06-23 18:00:00
2007-06-23 18:57:36,9.36,0.0,174.79,2007-06-23 18:57:36
2007-06-23 19:55:12,7.7,0.0,174.83,2007-06-23 19:55:12
2007-06-23 21:07:12,5.59,0.0,174.88,2007-06-23 21:07:12
2007-06-23 22:04:48,4.696,0.0,174.92,2007-06-23 22:04:48
2007-06-23 23:02:24,4.373,0.0,174.96,2007-06-23 23:02:24
2007-06-24 00:00:00,5.705,0.0,175.0,2007-06-24 00:00:00
2007-06-24 00:57:36,6.808,0.0,175.04,2007-06-24 00:57:36
2007-06-24 01:55:12,7.37,0.0,175.08,2007-06-24 01:55:12
2007-06-24 02:52:48,6.921,0.0,175.12,2007-06-24 02:52:48
2007-06-24 04:04:48,6.546,0.0,175.17,2007-06-24 04:04:48
2007-06-24 05:02:24,6.916,0.0,175.21,2007-06-24 05:02:24
2007-06-24 06:00:00,7.7,0.0,175.25,2007-06-24 06:00:00
2007-06-24 06:57:36,8.69,0.0,175.29,2007-06-24 06:57:36
2007-06-24 07:55:12,9.69,0.0,175.33,2007-06-24 07:55:12
2007-06-24 09:07:12,10.47,0.0,175.38,2007-06-24 09:07:12
2007-06-24 10:04:48,11.74,0.0,175.42,2007-06-24 10:04:48
2007-06-24 11:02:24,12.3,0.0,175.46,2007-06-24 11:02:24
2007-06-24 12:00:00,12.72,0.0,175.5,2007-06-24 12:00:00
2007-06-24 12:57:36,13.05,0.0,175.54,2007-06-24 12:57:36
2007-06-24 13:55:12,14.67,0.0,175.58,2007-06-24 13:55:12
2007-06-24 14:52:48,13.31,0.0,175.62,2007-06-24 14:52:48
2007-06-24 16:04:48,13.7,0.0,175.67,2007-06-24 16:04:48
2007-06-24 17:02:24,12.04,0.3,175.71,2007-06-24 17:02:24
2007-06-24 18:00:00,9.18,0.7,175.75,2007-06-24 18:00:00
2007-06-24 18:57:36,6.993,0.7,175.79,2007-06-24 18:57:36
2007-06-24 19:55:12,6.253,0.0,175.83,2007-06-24 19:55:12
2007-06-24 21:07:12,6.113,0.1,175.88,2007-06-24 21:07:12
2007-06-24 22:04:48,4.517,0.0,175.92,2007-06-24 22:04:48
2007-06-24 23:02:24,4.587,0.0,175.96,2007-06-24 23:02:24
2007-06-25 00:00:00,4.139,0.1,176.0,2007-06-25 00:00:00
2007-06-25 00:57:36,3.941,0.5,176.04,2007-06-25 00:57:36
2007-06-25 01:55:12,3.703,0.0,176.08,2007-06-25 01:55:12
2007-06-25 02:52:48,5.195,1.3,176.12,2007-06-25 02:52:48
2007-06-25 04:04:48,5.76,1.1,176.17,2007-06-25 04:04:48
2007-06-25 05:02:24,5.806,1.4,176.21,2007-06-25 05:02:24
2007-06-25 06:00:00,4.988,1.2,176.25,2007-06-25 06:00:00
2007-06-25 06:57:36,5.38,0.0,176.29,2007-06-25 06:57:36
2007-06-25 07:55:12,6.811,0.4,176.33,2007-06-25 07:55:12
2007-06-25 09:07:12,6.321,0.0,176.38,2007-06-25 09:07:12
2007-06-25 10:04:48,9.86,0.1,176.42,2007-06-25 10:04:48
2007-06-25 11:02:24,10.87,0.0,176.46,2007-06-25 11:02:24
2007-06-25 12:00:00,11.27,0.0,176.5,2007-06-25 12:00:00
2007-06-25 12:57:36,11.63,0.0,176.54,2007-06-25 12:57:36
2007-06-25 13:55:12,10.71,0.0,176.58,2007-06-25 13:55:12
2007-06-25 14:52:48,8.37,1.3,176.62,2007-06-25 14:52:48
2007-06-25 16:04:48,8.61,0.3,176.67,2007-06-25 16:04:48
2007-06-25 17:02:24,9.16,0.8,176.71,2007-06-25 17:02:24
2007-06-25 18:00:00,5.246,3.7,176.75,2007-06-25 18:00:00
2007-06-25 18:57:36,8.8,0.4,176.79,2007-06-25 18:57:36
2007-06-25 19:55:12,5.43,6.0,176.83,2007-06-25 19:55:12
2007-06-25 21:07:12,4.544,0.5,176.88,2007-06-25 21:07:12
2007-06-25 22:04:48,4.957,0.0,176.92,2007-06-25 22:04:48
2007-06-25 23:02:24,5.069,0.0,176.96,2007-06-25 23:02:24
2007-06-26 00:00:00,4.045,0.0,177.0,2007-06-26 00:00:00
2007-06-26 00:57:36,1.642,0.0,177.04,2007-06-26 00:57:36
2007-06-26 01:55:12,1.486,0.0,177.08,2007-06-26 01:55:12
2007-06-26 02:52:48,0.765,0.0,177.12,2007-06-26 02:52:48
2007-06-26 04:04:48,0.784,0.0,177.17,2007-06-26 04:04:48
2007-06-26 05:02:24,1.669,0.0,177.21,2007-06-26 05:02:24
2007-06-26 06:00:00,2.068,0.0,177.25,2007-06-26 06:00:00
2007-06-26 06:57:36,2.288,0.0,177.29,2007-06-26 06:57:36
2007-06-26 07:55:12,3.114,0.0,177.33,2007-06-26 07:55:12
2007-06-26 09:07:12,3.446,0.0,177.38,2007-06-26 09:07:12
2007-06-26 10:04:48,5.422,0.0,177.42,2007-06-26 10:04:48
2007-06-26 11:02:24,5.632,0.0,177.46,2007-06-26 11:02:24
2007-06-26 12:00:00,3.927,0.0,177.5,2007-06-26 12:00:00
2007-06-26 12:57:36,6.48,0.0,177.54,2007-06-26 12:57:36
2007-06-26 13:55:12,6.235,0.0,177.58,2007-06-26 13:55:12
2007-06-26 14:52:48,7.08,0.0,177.62,2007-06-26 14:52:48
2007-06-26 16:04:48,6.358,0.0,177.67,2007-06-26 16:04:48
2007-06-26 17:02:24,5.966,0.0,177.71,2007-06-26 17:02:24
2007-06-26 18:00:00,5.004,0.0,177.75,2007-06-26 18:00:00
2007-06-26 18:57:36,3.104,0.0,177.79,2007-06-26 18:57:36
2007-06-26 19:55:12,1.859,0.0,177.83,2007-06-26 19:55:12
2007-06-26 21:07:12,2.239,0.0,177.88,2007-06-26 21:07:12
2007-06-26 22:04:48,1.979,0.0,177.92,2007-06-26 22:04:48
2007-06-26 23:02:24,0.596,0.0,177.96,2007-06-26 23:02:24
2007-06-27 00:00:00,1.177,0.0,178.0,2007-06-27 00:00:00
2007-06-27 00:57:36,0.409,0.0,178.04,2007-06-27 00:57:36
2007-06-27 01:55:12,-0.115,0.0,178.08,2007-06-27 01:55:12
2007-06-27 02:52:48,-1.741,0.0,178.12,2007-06-27 02:52:48
2007-06-27 04:04:48,-1.708,0.0,178.17,2007-06-27 04:04:48
2007-06-27 05:02:24,-1.389,0.0,178.21,2007-06-27 05:02:24
2007-06-27 06:00:00,-2.717,0.0,178.25,2007-06-27 06:00:00
2007-06-27 06:57:36,-2.549,0.0,178.29,2007-06-27 06:57:36
2007-06-27 07:55:12,0.091,0.0,178.33,2007-06-27 07:55:12
2007-06-27 09:07:12,1.392,0.0,178.38,2007-06-27 09:07:12
2007-06-27 10:04:48,2.511,0.0,178.42,2007-06-27 10:04:48
2007-06-27 11:02:24,4.014,0.0,178.46,2007-06-27 11:02:24
2007-06-27 12:00:00,3.207,0.0,178.5,2007-06-27 12:00:00
2007-06-27 12:57:36,1.325,0.0,178.54,2007-06-27 12:57:36
2007-06-27 13:55:12,2.967,0.0,178.58,2007-06-27 13:55:12
2007-06-27 14:52:48,2.405,0.0,178.62,2007-06-27 14:52:48
2007-06-27 16:04:48,3.323,0.0,178.67,2007-06-27 16:04:48
2007-06-27 17:02:24,3.678,0.0,178.71,2007-06-27 17:02:24
2007-06-27 18:00:00,2.803,0.0,178.75,2007-06-27 18:00:00
2007-06-27 18:57:36,2.517,0.0,178.79,2007-06-27 18:57:36
2007-06-27 19:55:12,1.736,0.0,178.83,2007-06-27 19:55:12
2007-06-27 21:07:12,0.593,0.0,178.88,2007-06-27 21:07:12
2007-06-27 22:04:48,-0.609,0.0,178.92,2007-06-27 22:04:48
2007-06-27 23:02:24,-0.76,0.0,178.96,2007-06-27 23:02:24
2007-06-28 00:00:00,-0.719,0.0,179.0,2007-06-28 00:00:00
2007-06-28 00:57:36,-1.038,0.0,179.04,2007-06-28 00:57:36
2007-06-28 01:55:12,-1.397,0.0,179.08,2007-06-28 01:55:12
2007-06-28 02:52:48,-1.79,0.0,179.12,2007-06-28 02:52:48
2007-06-28 04:04:48,-2.314,0.0,179.17,2007-06-28 04:04:48
2007-06-28 05:02:24,-2.767,0.0,179.21,2007-06-28 05:02:24
2007-06-28 06:00:00,-2.697,0.0,179.25,2007-06-28 06:00:00
2007-06-28 06:57:36,-1.623,0.0,179.29,2007-06-28 06:57:36
2007-06-28 07:55:12,-0.813,0.0,179.33,2007-06-28 07:55:12
2007-06-28 09:07:12,0.898,0.0,179.38,2007-06-28 09:07:12
2007-06-28 10:04:48,3.542,0.0,179.42,2007-06-28 10:04:48
2007-06-28 11:02:24,5.949,0.0,179.46,2007-06-28 11:02:24
2007-06-28 12:00:00,5.548,0.0,179.5,2007-06-28 12:00:00
2007-06-28 12:57:36,8.08,0.0,179.54,2007-06-28 12:57:36
2007-06-28 13:55:12,8.71,0.0,179.58,2007-06-28 13:55:12
2007-06-28 14:52:48,8.82,0.0,179.62,2007-06-28 14:52:48
2007-06-28 16:04:48,8.57,0.0,179.67,2007-06-28 16:04:48
2007-06-28 17:02:24,8.21,0.0,179.71,2007-06-28 17:02:24
2007-06-28 18:00:00,7.5,0.0,179.75,2007-06-28 18:00:00
2007-06-28 18:57:36,7.78,0.0,179.79,2007-06-28 18:57:36
2007-06-28 19:55:12,5.617,0.0,179.83,2007-06-28 19:55:12
2007-06-28 21:07:12,4.377,0.0,179.88,2007-06-28 21:07:12
2007-06-28 22:04:48,3.325,0.0,179.92,2007-06-28 22:04:48
2007-06-28 23:02:24,2.725,0.0,179.96,2007-06-28 23:02:24
2007-06-29 00:00:00,3.217,0.0,180.0,2007-06-29 00:00:00
2007-06-29 00:57:36,3.109,0.0,180.04,2007-06-29 00:57:36
2007-06-29 01:55:12,3.393,0.0,180.08,2007-06-29 01:55:12
2007-06-29 02:52:48,2.815,0.0,180.12,2007-06-29 02:52:48
2007-06-29 04:04:48,2.34,0.0,180.17,2007-06-29 04:04:48
2007-06-29 05:02:24,2.877,0.0,180.21,2007-06-29 05:02:24
2007-06-29 06:00:00,3.089,0.0,180.25,2007-06-29 06:00:00
2007-06-29 06:57:36,4.804,0.0,180.29,2007-06-29 06:57:36
2007-06-29 07:55:12,6.78,0.0,180.33,2007-06-29 07:55:12
2007-06-29 09:07:12,5.747,0.0,180.38,2007-06-29 09:07:12
2007-06-29 10:04:48,5.978,0.0,180.42,2007-06-29 10:04:48
2007-06-29 11:02:24,7.04,0.0,180.46,2007-06-29 11:02:24
2007-06-29 12:00:00,8.38,0.0,180.5,2007-06-29 12:00:00
2007-06-29 12:57:36,11.09,0.0,180.54,2007-06-29 12:57:36
2007-06-29 13:55:12,11.16,0.0,180.58,2007-06-29 13:55:12
2007-06-29 14:52:48,10.33,0.0,180.62,2007-06-29 14:52:48
2007-06-29 16:04:48,10.95,0.0,180.67,2007-06-29 16:04:48
2007-06-29 17:02:24,10.24,0.0,180.71,2007-06-29 17:02:24
2007-06-29 18:00:00,8.81,0.0,180.75,2007-06-29 18:00:00
2007-06-29 18:57:36,8.02,0.0,180.79,2007-06-29 18:57:36
2007-06-29 19:55:12,6.509,0.0,180.83,2007-06-29 19:55:12
2007-06-29 21:07:12,6.086,0.0,180.88,2007-06-29 21:07:12
2007-06-29 22:04:48,6.354,0.0,180.92,2007-06-29 22:04:48
2007-06-29 23:02:24,4.94,0.0,180.96,2007-06-29 23:02:24
2007-06-30 00:00:00,5.088,0.0,181.0,2007-06-30 00:00:00
2007-06-30 00:57:36,6.233,0.0,181.04,2007-06-30 00:57:36
2007-06-30 01:55:12,3.8,0.0,181.08,2007-06-30 01:55:12
2007-06-30 02:52:48,4.36,0.0,181.12,2007-06-30 02:52:48
2007-06-30 04:04:48,4.342,0.0,181.17,2007-06-30 04:04:48
2007-06-30 05:02:24,3.658,0.0,181.21,2007-06-30 05:02:24
2007-06-30 06:00:00,4.366,0.0,181.25,2007-06-30 06:00:00
2007-06-30 06:57:36,5.739,0.0,181.29,2007-06-30 06:57:36
2007-06-30 07:55:12,6.695,0.0,181.33,2007-06-30 07:55:12
2007-06-30 09:07:12,8.04,0.0,181.38,2007-06-30 09:07:12
2007-06-30 10:04:48,9.14,0.0,181.42,2007-06-30 10:04:48
2007-06-30 11:02:24,9.91,0.0,181.46,2007-06-30 11:02:24
2007-06-30 12:00:00,10.49,0.0,181.5,2007-06-30 12:00:00
2007-06-30 12:57:36,11.27,0.0,181.54,2007-06-30 12:57:36
2007-06-30 13:55:12,12.4,0.0,181.58,2007-06-30 13:55:12
2007-06-30 14:52:48,12.14,0.0,181.62,2007-06-30 14:52:48
2007-06-30 16:04:48,11.31,0.0,181.67,2007-06-30 16:04:48
2007-06-30 17:02:24,11.61,0.0,181.71,2007-06-30 17:02:24
2007-06-30 18:00:00,11.88,0.0,181.75,2007-06-30 18:00:00
2007-06-30 18:57:36,9.85,0.0,181.79,2007-06-30 18:57:36
2007-06-30 19:55:12,8.72,0.0,181.83,2007-06-30 19:55:12
2007-06-30 21:07:12,7.63,0.0,181.88,2007-06-30 21:07:12
2007-06-30 22:04:48,7.37,0.0,181.92,2007-06-30 22:04:48
2007-06-30 23:02:24,8.85,0.0,181.96,2007-06-30 23:02:24
2007-07-01 00:00:00,8.78,0.0,182.0,2007-07-01 00:00:00
2007-07-01 00:57:36,8.27,0.0,182.04,2007-07-01 00:57:36
2007-07-01 01:55:12,8.36,0.0,182.08,2007-07-01 01:55:12
2007-07-01 02:52:48,8.04,0.0,182.12,2007-07-01 02:52:48
2007-07-01 04:04:48,5.075,0.0,182.17,2007-07-01 04:04:48
2007-07-01 05:02:24,5.155,0.0,182.21,2007-07-01 05:02:24
2007-07-01 06:00:00,5.151,0.0,182.25,2007-07-01 06:00:00
2007-07-01 06:57:36,6.529,0.0,182.29,2007-07-01 06:57:36
2007-07-01 07:55:12,7.51,0.0,182.33,2007-07-01 07:55:12
2007-07-01 09:07:12,9.47,0.0,182.38,2007-07-01 09:07:12
2007-07-01 10:04:48,10.95,0.0,182.42,2007-07-01 10:04:48
2007-07-01 11:02:24,11.93,0.0,182.46,2007-07-01 11:02:24
2007-07-01 12:00:00,13.33,0.0,182.5,2007-07-01 12:00:00
2007-07-01 12:57:36,14.34,0.0,182.54,2007-07-01 12:57:36
2007-07-01 13:55:12,13.32,0.0,182.58,2007-07-01 13:55:12
2007-07-01 14:52:48,12.44,0.0,182.62,2007-07-01 14:52:48
2007-07-01 16:04:48,8.81,2.9,182.67,2007-07-01 16:04:48
2007-07-01 17:02:24,4.327,1.7,182.71,2007-07-01 17:02:24
2007-07-01 18:00:00,6.452,0.0,182.75,2007-07-01 18:00:00
2007-07-01 18:57:36,6.521,0.7,182.79,2007-07-01 18:57:36
2007-07-01 19:55:12,5.198,5.4,182.83,2007-07-01 19:55:12
2007-07-01 21:07:12,5.078,0.3,182.88,2007-07-01 21:07:12
2007-07-01 22:04:48,5.603,0.0,182.92,2007-07-01 22:04:48
2007-07-01 23:02:24,6.553,0.0,182.96,2007-07-01 23:02:24
2007-07-02 00:00:00,6.521,0.0,183.0,2007-07-02 00:00:00
2007-07-02 00:57:36,7.94,0.1,183.04,2007-07-02 00:57:36
2007-07-02 01:55:12,4.182,3.6,183.08,2007-07-02 01:55:12
2007-07-02 02:52:48,4.437,2.2,183.12,2007-07-02 02:52:48
2007-07-02 04:04:48,3.442,0.3,183.17,2007-07-02 04:04:48
2007-07-02 05:02:24,3.529,0.4,183.21,2007-07-02 05:02:24
2007-07-02 06:00:00,3.13,1.5,183.25,2007-07-02 06:00:00
2007-07-02 06:57:36,2.976,0.7,183.29,2007-07-02 06:57:36
2007-07-02 07:55:12,3.552,0.0,183.33,2007-07-02 07:55:12
2007-07-02 09:07:12,5.313,0.0,183.38,2007-07-02 09:07:12
2007-07-02 10:04:48,4.867,0.0,183.42,2007-07-02 10:04:48
2007-07-02 11:02:24,5.691,0.0,183.46,2007-07-02 11:02:24
2007-07-02 12:00:00,6.292,0.0,183.5,2007-07-02 12:00:00
2007-07-02 12:57:36,8.52,0.0,183.54,2007-07-02 12:57:36
2007-07-02 13:55:12,7.86,0.0,183.58,2007-07-02 13:55:12
2007-07-02 14:52:48,5.522,0.0,183.62,2007-07-02 14:52:48
2007-07-02 16:04:48,7.18,0.0,183.67,2007-07-02 16:04:48
2007-07-02 17:02:24,7.64,0.0,183.71,2007-07-02 17:02:24
2007-07-02 18:00:00,8.05,0.0,183.75,2007-07-02 18:00:00
2007-07-02 18:57:36,7.08,0.0,183.79,2007-07-02 18:57:36
2007-07-02 19:55:12,3.918,0.0,183.83,2007-07-02 19:55:12
2007-07-02 21:07:12,3.207,0.0,183.88,2007-07-02 21:07:12
2007-07-02 22:04:48,3.519,0.0,183.92,2007-07-02 22:04:48
2007-07-02 23:02:24,2.204,0.0,183.96,2007-07-02 23:02:24
2007-07-03 00:00:00,2.545,0.0,184.0,2007-07-03 00:00:00
2007-07-03 00:57:36,2.005,0.0,184.04,2007-07-03 00:57:36
2007-07-03 01:55:12,1.993,0.0,184.08,2007-07-03 01:55:12
2007-07-03 02:52:48,1.672,0.0,184.12,2007-07-03 02:52:48
2007-07-03 04:04:48,1.406,0.0,184.17,2007-07-03 04:04:48
2007-07-03 05:02:24,0.905,0.0,184.21,2007-07-03 05:02:24
2007-07-03 06:00:00,1.626,0.0,184.25,2007-07-03 06:00:00
2007-07-03 06:57:36,1.781,0.0,184.29,2007-07-03 06:57:36
2007-07-03 07:55:12,4.847,0.0,184.33,2007-07-03 07:55:12
2007-07-03 09:07:12,7.45,0.0,184.38,2007-07-03 09:07:12
2007-07-03 10:04:48,7.91,0.0,184.42,2007-07-03 10:04:48
2007-07-03 11:02:24,7.07,0.0,184.46,2007-07-03 11:02:24
2007-07-03 12:00:00,6.827,0.0,184.5,2007-07-03 12:00:00
2007-07-03 12:57:36,8.59,0.0,184.54,2007-07-03 12:57:36
2007-07-03 13:55:12,9.01,0.0,184.58,2007-07-03 13:55:12
2007-07-03 14:52:48,8.55,0.0,184.62,2007-07-03 14:52:48
2007-07-03 16:04:48,8.31,0.0,184.67,2007-07-03 16:04:48
2007-07-03 17:02:24,6.659,0.4,184.71,2007-07-03 17:02:24
2007-07-03 18:00:00,4.803,0.0,184.75,2007-07-03 18:00:00
2007-07-03 18:57:36,5.285,0.0,184.79,2007-07-03 18:57:36
2007-07-03 19:55:12,6.484,0.0,184.83,2007-07-03 19:55:12
2007-07-03 21:07:12,5.798,0.0,184.88,2007-07-03 21:07:12
2007-07-03 22:04:48,4.141,0.0,184.92,2007-07-03 22:04:48
2007-07-03 23:02:24,5.463,0.0,184.96,2007-07-03 23:02:24
2007-07-04 00:00:00,3.336,0.3,185.0,2007-07-04 00:00:00
2007-07-04 00:57:36,4.065,0.0,185.04,2007-07-04 00:57:36
2007-07-04 01:55:12,4.607,0.0,185.08,2007-07-04 01:55:12
2007-07-04 02:52:48,3.925,0.0,185.12,2007-07-04 02:52:48
2007-07-04 04:04:48,2.014,0.0,185.17,2007-07-04 04:04:48
2007-07-04 05:02:24,1.157,0.1,185.21,2007-07-04 05:02:24
2007-07-04 06:00:00,2.335,0.0,185.25,2007-07-04 06:00:00
2007-07-04 06:57:36,2.565,0.0,185.29,2007-07-04 06:57:36
2007-07-04 07:55:12,2.106,0.0,185.33,2007-07-04 07:55:12
2007-07-04 09:07:12,2.065,0.0,185.38,2007-07-04 09:07:12
2007-07-04 10:04:48,4.099,0.0,185.42,2007-07-04 10:04:48
2007-07-04 11:02:24,3.034,0.0,185.46,2007-07-04 11:02:24
2007-07-04 12:00:00,-0.329,0.2,185.5,2007-07-04 12:00:00
2007-07-04 12:57:36,0.923,0.0,185.54,2007-07-04 12:57:36
2007-07-04 13:55:12,-1.635,0.1,185.58,2007-07-04 13:55:12
2007-07-04 14:52:48,-0.979,0.0,185.62,2007-07-04 14:52:48
2007-07-04 16:04:48,0.106,0.1,185.67,2007-07-04 16:04:48
2007-07-04 17:02:24,0.007,0.0,185.71,2007-07-04 17:02:24
2007-07-04 18:00:00,-0.778,0.1,185.75,2007-07-04 18:00:00
2007-07-04 18:57:36,-1.062,0.0,185.79,2007-07-04 18:57:36
2007-07-04 19:55:12,-0.962,0.0,185.83,2007-07-04 19:55:12
2007-07-04 21:07:12,-0.04,0.0,185.88,2007-07-04 21:07:12
2007-07-04 22:04:48,-0.054,0.0,185.92,2007-07-04 22:04:48
2007-07-04 23:02:24,-0.1,0.0,185.96,2007-07-04 23:02:24
2007-07-05 00:00:00,-0.409,0.0,186.0,2007-07-05 00:00:00
2007-07-05 00:57:36,-0.192,0.0,186.04,2007-07-05 00:57:36
2007-07-05 01:55:12,-0.429,0.0,186.08,2007-07-05 01:55:12
2007-07-05 02:52:48,-0.755,0.0,186.12,2007-07-05 02:52:48
2007-07-05 04:04:48,-0.858,0.0,186.17,2007-07-05 04:04:48
2007-07-05 05:02:24,-1.13,0.0,186.21,2007-07-05 05:02:24
2007-07-05 06:00:00,0.149,0.0,186.25,2007-07-05 06:00:00
2007-07-05 06:57:36,0.422,0.1,186.29,2007-07-05 06:57:36
2007-07-05 07:55:12,0.932,0.0,186.33,2007-07-05 07:55:12
2007-07-05 09:07:12,1.165,0.0,186.38,2007-07-05 09:07:12
2007-07-05 10:04:48,1.533,0.0,186.42,2007-07-05 10:04:48
2007-07-05 11:02:24,1.281,0.0,186.46,2007-07-05 11:02:24
2007-07-05 12:00:00,1.768,0.0,186.5,2007-07-05 12:00:00
2007-07-05 12:57:36,1.484,0.0,186.54,2007-07-05 12:57:36
2007-07-05 13:55:12,2.426,0.0,186.58,2007-07-05 13:55:12
2007-07-05 14:52:48,3.439,0.0,186.62,2007-07-05 14:52:48
2007-07-05 16:04:48,3.842,0.0,186.67,2007-07-05 16:04:48
2007-07-05 17:02:24,4.142,0.0,186.71,2007-07-05 17:02:24
2007-07-05 18:00:00,4.009,0.0,186.75,2007-07-05 18:00:00
2007-07-05 18:57:36,3.917,0.0,186.79,2007-07-05 18:57:36
2007-07-05 19:55:12,2.877,0.0,186.83,2007-07-05 19:55:12
2007-07-05 21:07:12,0.911,0.0,186.88,2007-07-05 21:07:12
2007-07-05 22:04:48,1.513,0.0,186.92,2007-07-05 22:04:48
2007-07-05 23:02:24,2.422,0.0,186.96,2007-07-05 23:02:24
2007-07-06 00:00:00,2.237,0.0,187.0,2007-07-06 00:00:00
2007-07-06 00:57:36,3.668,0.0,187.04,2007-07-06 00:57:36
2007-07-06 01:55:12,4.125,0.0,187.08,2007-07-06 01:55:12
2007-07-06 02:52:48,3.369,0.1,187.12,2007-07-06 02:52:48
2007-07-06 04:04:48,3.902,0.3,187.17,2007-07-06 04:04:48
2007-07-06 05:02:24,3.435,0.2,187.21,2007-07-06 05:02:24
2007-07-06 06:00:00,6.32,0.3,187.25,2007-07-06 06:00:00
2007-07-06 06:57:36,6.852,0.0,187.29,2007-07-06 06:57:36
2007-07-06 07:55:12,5.31,0.2,187.33,2007-07-06 07:55:12
2007-07-06 09:07:12,6.26,0.0,187.38,2007-07-06 09:07:12
2007-07-06 10:04:48,8.18,0.0,187.42,2007-07-06 10:04:48
2007-07-06 11:02:24,8.82,0.0,187.46,2007-07-06 11:02:24
2007-07-06 12:00:00,9.63,0.0,187.5,2007-07-06 12:00:00
2007-07-06 12:57:36,10.75,0.0,187.54,2007-07-06 12:57:36
2007-07-06 13:55:12,10.19,0.0,187.58,2007-07-06 13:55:12
2007-07-06 14:52:48,10.62,0.0,187.62,2007-07-06 14:52:48
2007-07-06 16:04:48,9.03,0.0,187.67,2007-07-06 16:04:48
2007-07-06 17:02:24,9.42,0.0,187.71,2007-07-06 17:02:24
2007-07-06 18:00:00,8.94,0.0,187.75,2007-07-06 18:00:00
2007-07-06 18:57:36,7.86,0.0,187.79,2007-07-06 18:57:36
2007-07-06 19:55:12,8.34,0.0,187.83,2007-07-06 19:55:12
2007-07-06 21:07:12,6.75,0.0,187.88,2007-07-06 21:07:12
2007-07-06 22:04:48,6.503,0.0,187.92,2007-07-06 22:04:48
2007-07-06 23:02:24,5.668,0.0,187.96,2007-07-06 23:02:24
2007-07-07 00:00:00,5.715,0.0,188.0,2007-07-07 00:00:00
2007-07-07 00:57:36,5.252,0.0,188.04,2007-07-07 00:57:36
2007-07-07 01:55:12,6.791,0.0,188.08,2007-07-07 01:55:12
2007-07-07 02:52:48,5.249,0.0,188.12,2007-07-07 02:52:48
2007-07-07 04:04:48,4.378,0.0,188.17,2007-07-07 04:04:48
2007-07-07 05:02:24,3.305,0.0,188.21,2007-07-07 05:02:24
2007-07-07 06:00:00,3.085,0.0,188.25,2007-07-07 06:00:00
2007-07-07 06:57:36,5.684,0.0,188.29,2007-07-07 06:57:36
2007-07-07 07:55:12,8.1,0.0,188.33,2007-07-07 07:55:12
2007-07-07 09:07:12,7.47,0.0,188.38,2007-07-07 09:07:12
2007-07-07 10:04:48,8.95,0.0,188.42,2007-07-07 10:04:48
2007-07-07 11:02:24,10.8,0.0,188.46,2007-07-07 11:02:24
2007-07-07 12:00:00,11.91,0.0,188.5,2007-07-07 12:00:00
2007-07-07 12:57:36,12.17,0.0,188.54,2007-07-07 12:57:36
2007-07-07 13:55:12,12.15,0.0,188.58,2007-07-07 13:55:12
2007-07-07 14:52:48,12.68,0.0,188.62,2007-07-07 14:52:48
2007-07-07 16:04:48,12.37,0.0,188.67,2007-07-07 16:04:48
2007-07-07 17:02:24,12.27,0.0,188.71,2007-07-07 17:02:24
2007-07-07 18:00:00,12.38,0.0,188.75,2007-07-07 18:00:00
2007-07-07 18:57:36,11.27,0.0,188.79,2007-07-07 18:57:36
2007-07-07 19:55:12,9.0,0.0,188.83,2007-07-07 19:55:12
2007-07-07 21:07:12,7.52,0.0,188.88,2007-07-07 21:07:12
2007-07-07 22:04:48,6.363,0.0,188.92,2007-07-07 22:04:48
2007-07-07 23:02:24,6.817,0.0,188.96,2007-07-07 23:02:24
2007-07-08 00:00:00,5.729,0.0,189.0,2007-07-08 00:00:00
2007-07-08 00:57:36,6.452,0.0,189.04,2007-07-08 00:57:36
2007-07-08 01:55:12,7.2,0.0,189.08,2007-07-08 01:55:12
2007-07-08 02:52:48,5.296,0.0,189.12,2007-07-08 02:52:48
2007-07-08 04:04:48,5.574,0.0,189.17,2007-07-08 04:04:48
2007-07-08 05:02:24,5.19,0.0,189.21,2007-07-08 05:02:24
2007-07-08 06:00:00,5.358,0.0,189.25,2007-07-08 06:00:00
2007-07-08 06:57:36,6.831,0.0,189.29,2007-07-08 06:57:36
2007-07-08 07:55:12,8.43,0.0,189.33,2007-07-08 07:55:12
2007-07-08 09:07:12,9.35,0.0,189.38,2007-07-08 09:07:12
2007-07-08 10:04:48,10.19,0.0,189.42,2007-07-08 10:04:48
2007-07-08 11:02:24,10.98,0.2,189.46,2007-07-08 11:02:24
2007-07-08 12:00:00,6.642,0.6,189.5,2007-07-08 12:00:00
2007-07-08 12:57:36,8.96,0.2,189.54,2007-07-08 12:57:36
2007-07-08 13:55:12,8.55,0.1,189.58,2007-07-08 13:55:12
2007-07-08 14:52:48,7.92,0.2,189.62,2007-07-08 14:52:48
2007-07-08 16:04:48,10.26,0.0,189.67,2007-07-08 16:04:48
2007-07-08 17:02:24,9.87,0.0,189.71,2007-07-08 17:02:24
2007-07-08 18:00:00,7.18,0.0,189.75,2007-07-08 18:00:00
2007-07-08 18:57:36,6.959,0.0,189.79,2007-07-08 18:57:36
2007-07-08 19:55:12,8.71,0.6,189.83,2007-07-08 19:55:12
2007-07-08 21:07:12,7.68,0.1,189.88,2007-07-08 21:07:12
2007-07-08 22:04:48,5.728,4.0,189.92,2007-07-08 22:04:48
2007-07-08 23:02:24,4.597,0.9,189.96,2007-07-08 23:02:24
2007-07-09 00:00:00,5.989,0.8,190.0,2007-07-09 00:00:00
2007-07-09 00:57:36,4.414,0.6,190.04,2007-07-09 00:57:36
2007-07-09 01:55:12,5.266,0.5,190.08,2007-07-09 01:55:12
2007-07-09 02:52:48,5.085,0.0,190.12,2007-07-09 02:52:48
2007-07-09 04:04:48,3.326,0.0,190.17,2007-07-09 04:04:48
2007-07-09 05:02:24,3.059,0.1,190.21,2007-07-09 05:02:24
2007-07-09 06:00:00,3.635,0.8,190.25,2007-07-09 06:00:00
2007-07-09 06:57:36,3.088,1.5,190.29,2007-07-09 06:57:36
2007-07-09 07:55:12,3.402,0.2,190.33,2007-07-09 07:55:12
2007-07-09 09:07:12,6.27,0.0,190.38,2007-07-09 09:07:12
2007-07-09 10:04:48,6.08,0.0,190.42,2007-07-09 10:04:48
2007-07-09 11:02:24,4.709,0.1,190.46,2007-07-09 11:02:24
2007-07-09 12:00:00,7.37,0.0,190.5,2007-07-09 12:00:00
2007-07-09 12:57:36,8.53,0.1,190.54,2007-07-09 12:57:36
2007-07-09 13:55:12,4.004,0.7,190.58,2007-07-09 13:55:12
2007-07-09 14:52:48,5.628,0.0,190.62,2007-07-09 14:52:48
2007-07-09 16:04:48,5.909,0.0,190.67,2007-07-09 16:04:48
2007-07-09 17:02:24,5.761,0.0,190.71,2007-07-09 17:02:24
2007-07-09 18:00:00,3.166,0.0,190.75,2007-07-09 18:00:00
2007-07-09 18:57:36,1.717,0.0,190.79,2007-07-09 18:57:36
2007-07-09 19:55:12,0.722,0.0,190.83,2007-07-09 19:55:12
2007-07-09 21:07:12,-0.103,0.0,190.88,2007-07-09 21:07:12
2007-07-09 22:04:48,-0.344,0.1,190.92,2007-07-09 22:04:48
2007-07-09 23:02:24,-1.41,0.0,190.96,2007-07-09 23:02:24
2007-07-10 00:00:00,-1.415,0.0,191.0,2007-07-10 00:00:00
2007-07-10 00:57:36,-2.398,0.0,191.04,2007-07-10 00:57:36
2007-07-10 01:55:12,-1.387,0.0,191.08,2007-07-10 01:55:12
2007-07-10 02:52:48,-1.61,0.0,191.12,2007-07-10 02:52:48
2007-07-10 04:04:48,-2.588,0.0,191.17,2007-07-10 04:04:48
2007-07-10 05:02:24,-2.659,0.0,191.21,2007-07-10 05:02:24
2007-07-10 06:00:00,-2.239,0.0,191.25,2007-07-10 06:00:00
2007-07-10 06:57:36,-1.574,0.0,191.29,2007-07-10 06:57:36
2007-07-10 07:55:12,-2.13,0.0,191.33,2007-07-10 07:55:12
2007-07-10 09:07:12,-0.763,0.5,191.38,2007-07-10 09:07:12
2007-07-10 10:04:48,0.16,0.0,191.42,2007-07-10 10:04:48
2007-07-10 11:02:24,1.04,0.0,191.46,2007-07-10 11:02:24
2007-07-10 12:00:00,2.4,0.0,191.5,2007-07-10 12:00:00
2007-07-10 12:57:36,2.45,0.0,191.54,2007-07-10 12:57:36
2007-07-10 13:55:12,2.008,0.0,191.58,2007-07-10 13:55:12
2007-07-10 14:52:48,0.883,0.0,191.62,2007-07-10 14:52:48
2007-07-10 16:04:48,0.341,0.2,191.67,2007-07-10 16:04:48
2007-07-10 17:02:24,-0.495,0.4,191.71,2007-07-10 17:02:24
2007-07-10 18:00:00,-0.381,0.0,191.75,2007-07-10 18:00:00
2007-07-10 18:57:36,-1.247,0.0,191.79,2007-07-10 18:57:36
2007-07-10 19:55:12,-1.188,0.0,191.83,2007-07-10 19:55:12
2007-07-10 21:07:12,-1.395,0.0,191.88,2007-07-10 21:07:12
2007-07-10 22:04:48,-2.144,0.0,191.92,2007-07-10 22:04:48
2007-07-10 23:02:24,-1.627,0.0,191.96,2007-07-10 23:02:24
2007-07-11 00:00:00,-1.897,0.0,192.0,2007-07-11 00:00:00
2007-07-11 00:57:36,-2.374,0.0,192.04,2007-07-11 00:57:36
2007-07-11 01:55:12,-1.756,0.0,192.08,2007-07-11 01:55:12
2007-07-11 02:52:48,-1.488,0.0,192.12,2007-07-11 02:52:48
2007-07-11 04:04:48,-1.609,0.0,192.17,2007-07-11 04:04:48
2007-07-11 05:02:24,-1.306,0.0,192.21,2007-07-11 05:02:24
2007-07-11 06:00:00,-0.856,0.0,192.25,2007-07-11 06:00:00
2007-07-11 06:57:36,-1.655,0.0,192.29,2007-07-11 06:57:36
2007-07-11 07:55:12,-0.928,0.1,192.33,2007-07-11 07:55:12
2007-07-11 09:07:12,-0.344,0.9,192.38,2007-07-11 09:07:12
2007-07-11 10:04:48,0.379,0.0,192.42,2007-07-11 10:04:48
2007-07-11 11:02:24,1.137,0.0,192.46,2007-07-11 11:02:24
2007-07-11 12:00:00,1.407,0.0,192.5,2007-07-11 12:00:00
2007-07-11 12:57:36,2.758,0.0,192.54,2007-07-11 12:57:36
2007-07-11 13:55:12,3.036,0.0,192.58,2007-07-11 13:55:12
2007-07-11 14:52:48,3.609,0.0,192.62,2007-07-11 14:52:48
2007-07-11 16:04:48,5.236,0.0,192.67,2007-07-11 16:04:48
2007-07-11 17:02:24,5.219,0.0,192.71,2007-07-11 17:02:24
2007-07-11 18:00:00,3.721,0.0,192.75,2007-07-11 18:00:00
2007-07-11 18:57:36,2.724,0.0,192.79,2007-07-11 18:57:36
2007-07-11 19:55:12,1.588,0.0,192.83,2007-07-11 19:55:12
2007-07-11 21:07:12,1.007,0.0,192.88,2007-07-11 21:07:12
2007-07-11 22:04:48,0.351,0.0,192.92,2007-07-11 22:04:48
2007-07-11 23:02:24,-0.238,0.0,192.96,2007-07-11 23:02:24
2007-07-12 00:00:00,-0.658,0.0,193.0,2007-07-12 00:00:00
2007-07-12 00:57:36,-1.451,0.0,193.04,2007-07-12 00:57:36
2007-07-12 01:55:12,-0.661,0.0,193.08,2007-07-12 01:55:12
2007-07-12 02:52:48,-0.747,0.0,193.12,2007-07-12 02:52:48
2007-07-12 04:04:48,-0.852,0.0,193.17,2007-07-12 04:04:48
2007-07-12 05:02:24,-1.753,0.0,193.21,2007-07-12 05:02:24
2007-07-12 06:00:00,-1.903,0.0,193.25,2007-07-12 06:00:00
2007-07-12 06:57:36,0.342,0.0,193.29,2007-07-12 06:57:36
2007-07-12 07:55:12,3.351,0.0,193.33,2007-07-12 07:55:12
2007-07-12 09:07:12,2.095,0.0,193.38,2007-07-12 09:07:12
2007-07-12 10:04:48,3.364,0.0,193.42,2007-07-12 10:04:48
2007-07-12 11:02:24,4.099,0.0,193.46,2007-07-12 11:02:24
2007-07-12 12:00:00,6.708,0.0,193.5,2007-07-12 12:00:00
2007-07-12 12:57:36,8.15,0.0,193.54,2007-07-12 12:57:36
2007-07-12 13:55:12,7.47,0.0,193.58,2007-07-12 13:55:12
2007-07-12 14:52:48,7.65,0.0,193.62,2007-07-12 14:52:48
2007-07-12 16:04:48,7.95,0.0,193.67,2007-07-12 16:04:48
2007-07-12 17:02:24,8.18,0.0,193.71,2007-07-12 17:02:24
2007-07-12 18:00:00,7.63,0.0,193.75,2007-07-12 18:00:00
2007-07-12 18:57:36,7.64,0.0,193.79,2007-07-12 18:57:36
2007-07-12 19:55:12,5.611,0.0,193.83,2007-07-12 19:55:12
2007-07-12 21:07:12,5.033,0.0,193.88,2007-07-12 21:07:12
2007-07-12 22:04:48,3.652,0.0,193.92,2007-07-12 22:04:48
2007-07-12 23:02:24,3.734,0.0,193.96,2007-07-12 23:02:24
2007-07-13 00:00:00,3.508,0.0,194.0,2007-07-13 00:00:00
2007-07-13 00:57:36,3.814,0.0,194.04,2007-07-13 00:57:36
2007-07-13 01:55:12,3.694,0.0,194.08,2007-07-13 01:55:12
2007-07-13 02:52:48,4.427,0.0,194.12,2007-07-13 02:52:48
2007-07-13 04:04:48,4.447,0.0,194.17,2007-07-13 04:04:48
2007-07-13 05:02:24,3.341,0.0,194.21,2007-07-13 05:02:24
2007-07-13 06:00:00,3.805,0.0,194.25,2007-07-13 06:00:00
2007-07-13 06:57:36,5.604,0.0,194.29,2007-07-13 06:57:36
2007-07-13 07:55:12,7.3,0.0,194.33,2007-07-13 07:55:12
2007-07-13 09:07:12,8.79,0.0,194.38,2007-07-13 09:07:12
2007-07-13 10:04:48,10.27,0.0,194.42,2007-07-13 10:04:48
2007-07-13 11:02:24,12.39,0.0,194.46,2007-07-13 11:02:24
2007-07-13 12:00:00,12.21,0.0,194.5,2007-07-13 12:00:00
2007-07-13 12:57:36,13.15,0.0,194.54,2007-07-13 12:57:36
2007-07-13 13:55:12,13.96,0.0,194.58,2007-07-13 13:55:12
2007-07-13 14:52:48,13.12,0.0,194.62,2007-07-13 14:52:48
2007-07-13 16:04:48,14.28,0.0,194.67,2007-07-13 16:04:48
2007-07-13 17:02:24,12.58,0.0,194.71,2007-07-13 17:02:24
2007-07-13 18:00:00,10.62,0.0,194.75,2007-07-13 18:00:00
2007-07-13 18:57:36,9.38,0.0,194.79,2007-07-13 18:57:36
2007-07-13 19:55:12,8.18,0.0,194.83,2007-07-13 19:55:12
2007-07-13 21:07:12,7.09,0.0,194.88,2007-07-13 21:07:12
2007-07-13 22:04:48,7.28,0.0,194.92,2007-07-13 22:04:48
2007-07-13 23:02:24,6.9,0.0,194.96,2007-07-13 23:02:24
2007-07-14 00:00:00,7.33,0.0,195.0,2007-07-14 00:00:00
2007-07-14 00:57:36,6.637,0.0,195.04,2007-07-14 00:57:36
2007-07-14 01:55:12,7.01,0.0,195.08,2007-07-14 01:55:12
2007-07-14 02:52:48,6.817,0.0,195.12,2007-07-14 02:52:48
2007-07-14 04:04:48,6.853,0.0,195.17,2007-07-14 04:04:48
2007-07-14 05:02:24,6.568,0.0,195.21,2007-07-14 05:02:24
2007-07-14 06:00:00,7.18,0.0,195.25,2007-07-14 06:00:00
2007-07-14 06:57:36,8.13,0.0,195.29,2007-07-14 06:57:36
2007-07-14 07:55:12,10.01,0.0,195.33,2007-07-14 07:55:12
2007-07-14 09:07:12,9.91,0.0,195.38,2007-07-14 09:07:12
2007-07-14 10:04:48,10.83,0.0,195.42,2007-07-14 10:04:48
2007-07-14 11:02:24,11.98,0.0,195.46,2007-07-14 11:02:24
2007-07-14 12:00:00,12.78,0.0,195.5,2007-07-14 12:00:00
2007-07-14 12:57:36,13.83,0.0,195.54,2007-07-14 12:57:36
2007-07-14 13:55:12,15.64,0.0,195.58,2007-07-14 13:55:12
2007-07-14 14:52:48,14.94,0.0,195.62,2007-07-14 14:52:48
2007-07-14 16:04:48,13.83,0.0,195.67,2007-07-14 16:04:48
2007-07-14 17:02:24,13.21,0.0,195.71,2007-07-14 17:02:24
2007-07-14 18:00:00,12.35,0.0,195.75,2007-07-14 18:00:00
2007-07-14 18:57:36,10.69,0.0,195.79,2007-07-14 18:57:36
2007-07-14 19:55:12,8.53,0.0,195.83,2007-07-14 19:55:12
2007-07-14 21:07:12,8.47,0.0,195.88,2007-07-14 21:07:12
2007-07-14 22:04:48,8.17,0.0,195.92,2007-07-14 22:04:48
2007-07-14 23:02:24,7.96,0.0,195.96,2007-07-14 23:02:24
2007-07-15 00:00:00,7.65,0.0,196.0,2007-07-15 00:00:00
2007-07-15 00:57:36,8.23,0.0,196.04,2007-07-15 00:57:36
2007-07-15 01:55:12,7.91,0.0,196.08,2007-07-15 01:55:12
2007-07-15 02:52:48,7.98,0.0,196.12,2007-07-15 02:52:48
2007-07-15 04:04:48,8.11,0.0,196.17,2007-07-15 04:04:48
2007-07-15 05:02:24,10.49,0.0,196.21,2007-07-15 05:02:24
2007-07-15 06:00:00,9.06,0.0,196.25,2007-07-15 06:00:00
2007-07-15 06:57:36,11.76,0.0,196.29,2007-07-15 06:57:36
2007-07-15 07:55:12,12.49,0.0,196.33,2007-07-15 07:55:12
2007-07-15 09:07:12,12.52,0.0,196.38,2007-07-15 09:07:12
2007-07-15 10:04:48,12.11,0.0,196.42,2007-07-15 10:04:48
2007-07-15 11:02:24,12.82,0.0,196.46,2007-07-15 11:02:24
2007-07-15 12:00:00,11.7,0.0,196.5,2007-07-15 12:00:00
2007-07-15 12:57:36,12.54,0.0,196.54,2007-07-15 12:57:36
2007-07-15 13:55:12,11.75,0.0,196.58,2007-07-15 13:55:12
2007-07-15 14:52:48,11.62,0.0,196.62,2007-07-15 14:52:48
2007-07-15 16:04:48,12.15,0.0,196.67,2007-07-15 16:04:48
2007-07-15 17:02:24,12.29,0.0,196.71,2007-07-15 17:02:24
2007-07-15 18:00:00,11.96,0.0,196.75,2007-07-15 18:00:00
2007-07-15 18:57:36,10.05,0.0,196.79,2007-07-15 18:57:36
2007-07-15 19:55:12,9.76,0.0,196.83,2007-07-15 19:55:12
2007-07-15 21:07:12,7.54,0.0,196.88,2007-07-15 21:07:12
2007-07-15 22:04:48,7.85,0.0,196.92,2007-07-15 22:04:48
2007-07-15 23:02:24,7.38,0.0,196.96,2007-07-15 23:02:24
2007-07-16 00:00:00,7.7,0.0,197.0,2007-07-16 00:00:00
2007-07-16 00:57:36,6.927,0.0,197.04,2007-07-16 00:57:36
2007-07-16 01:55:12,7.34,0.0,197.08,2007-07-16 01:55:12
2007-07-16 02:52:48,10.6,0.0,197.12,2007-07-16 02:52:48
2007-07-16 04:04:48,9.42,0.0,197.17,2007-07-16 04:04:48
2007-07-16 05:02:24,10.09,0.0,197.21,2007-07-16 05:02:24
2007-07-16 06:00:00,8.54,0.0,197.25,2007-07-16 06:00:00
2007-07-16 06:57:36,10.68,0.0,197.29,2007-07-16 06:57:36
2007-07-16 07:55:12,11.94,0.0,197.33,2007-07-16 07:55:12
2007-07-16 09:07:12,12.4,0.0,197.38,2007-07-16 09:07:12
2007-07-16 10:04:48,14.0,0.0,197.42,2007-07-16 10:04:48
2007-07-16 11:02:24,14.39,0.0,197.46,2007-07-16 11:02:24
2007-07-16 12:00:00,14.45,0.0,197.5,2007-07-16 12:00:00
2007-07-16 12:57:36,12.7,0.0,197.54,2007-07-16 12:57:36
2007-07-16 13:55:12,11.82,0.0,197.58,2007-07-16 13:55:12
2007-07-16 14:52:48,12.02,0.0,197.62,2007-07-16 14:52:48
2007-07-16 16:04:48,12.68,0.0,197.67,2007-07-16 16:04:48
2007-07-16 17:02:24,12.52,0.0,197.71,2007-07-16 17:02:24
2007-07-16 18:00:00,14.16,0.0,197.75,2007-07-16 18:00:00
2007-07-16 18:57:36,13.13,0.0,197.79,2007-07-16 18:57:36
2007-07-16 19:55:12,12.12,0.0,197.83,2007-07-16 19:55:12
2007-07-16 21:07:12,11.91,0.0,197.88,2007-07-16 21:07:12
2007-07-16 22:04:48,12.37,0.0,197.92,2007-07-16 22:04:48
2007-07-16 23:02:24,12.0,0.0,197.96,2007-07-16 23:02:24
2007-07-17 00:00:00,11.82,0.0,198.0,2007-07-17 00:00:00
2007-07-17 00:57:36,11.36,0.0,198.04,2007-07-17 00:57:36
2007-07-17 01:55:12,11.08,0.0,198.08,2007-07-17 01:55:12
2007-07-17 02:52:48,9.12,0.0,198.12,2007-07-17 02:52:48
2007-07-17 04:04:48,7.92,0.0,198.17,2007-07-17 04:04:48
2007-07-17 05:02:24,8.13,0.0,198.21,2007-07-17 05:02:24
2007-07-17 06:00:00,8.3,0.0,198.25,2007-07-17 06:00:00
2007-07-17 06:57:36,9.79,0.0,198.29,2007-07-17 06:57:36
2007-07-17 07:55:12,10.18,0.0,198.33,2007-07-17 07:55:12
2007-07-17 09:07:12,10.27,0.0,198.38,2007-07-17 09:07:12
2007-07-17 10:04:48,11.66,0.0,198.42,2007-07-17 10:04:48
2007-07-17 11:02:24,12.75,0.0,198.46,2007-07-17 11:02:24
2007-07-17 12:00:00,14.65,0.0,198.5,2007-07-17 12:00:00
2007-07-17 12:57:36,14.31,0.0,198.54,2007-07-17 12:57:36
2007-07-17 13:55:12,16.15,0.0,198.58,2007-07-17 13:55:12
2007-07-17 14:52:48,15.39,0.0,198.62,2007-07-17 14:52:48
2007-07-17 16:04:48,14.07,0.0,198.67,2007-07-17 16:04:48
2007-07-17 17:02:24,12.97,0.0,198.71,2007-07-17 17:02:24
2007-07-17 18:00:00,10.14,0.0,198.75,2007-07-17 18:00:00
2007-07-17 18:57:36,10.42,0.0,198.79,2007-07-17 18:57:36
2007-07-17 19:55:12,9.26,0.0,198.83,2007-07-17 19:55:12
2007-07-17 21:07:12,8.71,0.0,198.88,2007-07-17 21:07:12
2007-07-17 22:04:48,8.56,0.0,198.92,2007-07-17 22:04:48
2007-07-17 23:02:24,9.45,0.0,198.96,2007-07-17 23:02:24
2007-07-18 00:00:00,11.09,0.0,199.0,2007-07-18 00:00:00
2007-07-18 00:57:36,10.58,0.0,199.04,2007-07-18 00:57:36
2007-07-18 01:55:12,9.77,0.0,199.08,2007-07-18 01:55:12
2007-07-18 02:52:48,8.0,0.0,199.12,2007-07-18 02:52:48
2007-07-18 04:04:48,7.47,0.0,199.17,2007-07-18 04:04:48
2007-07-18 05:02:24,6.987,0.0,199.21,2007-07-18 05:02:24
2007-07-18 06:00:00,7.5,0.0,199.25,2007-07-18 06:00:00
2007-07-18 06:57:36,9.12,0.0,199.29,2007-07-18 06:57:36
2007-07-18 07:55:12,8.85,0.0,199.33,2007-07-18 07:55:12
2007-07-18 09:07:12,9.99,0.0,199.38,2007-07-18 09:07:12
2007-07-18 10:04:48,11.15,0.0,199.42,2007-07-18 10:04:48
2007-07-18 11:02:24,12.4,0.0,199.46,2007-07-18 11:02:24
2007-07-18 12:00:00,13.36,0.0,199.5,2007-07-18 12:00:00
2007-07-18 12:57:36,13.78,0.0,199.54,2007-07-18 12:57:36
2007-07-18 13:55:12,14.26,0.0,199.58,2007-07-18 13:55:12
2007-07-18 14:52:48,13.55,0.0,199.62,2007-07-18 14:52:48
2007-07-18 16:04:48,12.48,0.0,199.67,2007-07-18 16:04:48
2007-07-18 17:02:24,10.37,0.0,199.71,2007-07-18 17:02:24
2007-07-18 18:00:00,10.15,0.0,199.75,2007-07-18 18:00:00
2007-07-18 18:57:36,10.55,0.0,199.79,2007-07-18 18:57:36
2007-07-18 19:55:12,9.27,0.0,199.83,2007-07-18 19:55:12
2007-07-18 21:07:12,7.87,0.0,199.88,2007-07-18 21:07:12
2007-07-18 22:04:48,7.76,0.0,199.92,2007-07-18 22:04:48
2007-07-18 23:02:24,8.03,0.0,199.96,2007-07-18 23:02:24
2007-07-19 00:00:00,7.82,0.0,200.0,2007-07-19 00:00:00
2007-07-19 00:57:36,7.81,0.0,200.04,2007-07-19 00:57:36
2007-07-19 01:55:12,7.63,0.0,200.08,2007-07-19 01:55:12
2007-07-19 02:52:48,9.8,0.0,200.12,2007-07-19 02:52:48
2007-07-19 04:04:48,9.81,0.0,200.17,2007-07-19 04:04:48
2007-07-19 05:02:24,8.62,0.0,200.21,2007-07-19 05:02:24
2007-07-19 06:00:00,10.02,0.0,200.25,2007-07-19 06:00:00
2007-07-19 06:57:36,10.5,0.0,200.29,2007-07-19 06:57:36
2007-07-19 07:55:12,10.53,0.0,200.33,2007-07-19 07:55:12
2007-07-19 09:07:12,10.56,0.0,200.38,2007-07-19 09:07:12
2007-07-19 10:04:48,12.02,0.0,200.42,2007-07-19 10:04:48
2007-07-19 11:02:24,11.72,0.0,200.46,2007-07-19 11:02:24
2007-07-19 12:00:00,12.81,0.0,200.5,2007-07-19 12:00:00
2007-07-19 12:57:36,13.44,0.0,200.54,2007-07-19 12:57:36
2007-07-19 13:55:12,13.33,0.0,200.58,2007-07-19 13:55:12
2007-07-19 14:52:48,13.27,0.0,200.62,2007-07-19 14:52:48
2007-07-19 16:04:48,13.72,0.0,200.67,2007-07-19 16:04:48
2007-07-19 17:02:24,14.68,0.0,200.71,2007-07-19 17:02:24
2007-07-19 18:00:00,12.67,0.0,200.75,2007-07-19 18:00:00
2007-07-19 18:57:36,11.36,0.0,200.79,2007-07-19 18:57:36
2007-07-19 19:55:12,12.52,0.0,200.83,2007-07-19 19:55:12
2007-07-19 21:07:12,11.99,0.0,200.88,2007-07-19 21:07:12
2007-07-19 22:04:48,10.61,1.6,200.92,2007-07-19 22:04:48
2007-07-19 23:02:24,8.28,1.9,200.96,2007-07-19 23:02:24
2007-07-20 00:00:00,7.91,0.0,201.0,2007-07-20 00:00:00
2007-07-20 00:57:36,7.69,0.0,201.04,2007-07-20 00:57:36
2007-07-20 01:55:12,7.87,0.0,201.08,2007-07-20 01:55:12
2007-07-20 02:52:48,7.31,0.0,201.12,2007-07-20 02:52:48
2007-07-20 04:04:48,8.07,0.0,201.17,2007-07-20 04:04:48
2007-07-20 05:02:24,8.34,0.0,201.21,2007-07-20 05:02:24
2007-07-20 06:00:00,8.1,0.0,201.25,2007-07-20 06:00:00
2007-07-20 06:57:36,8.29,0.0,201.29,2007-07-20 06:57:36
2007-07-20 07:55:12,8.9,0.0,201.33,2007-07-20 07:55:12
2007-07-20 09:07:12,9.93,0.0,201.38,2007-07-20 09:07:12
2007-07-20 10:04:48,11.95,0.0,201.42,2007-07-20 10:04:48
2007-07-20 11:02:24,11.99,0.0,201.46,2007-07-20 11:02:24
2007-07-20 12:00:00,12.48,0.0,201.5,2007-07-20 12:00:00
2007-07-20 12:57:36,12.26,0.0,201.54,2007-07-20 12:57:36
2007-07-20 13:55:12,13.22,0.0,201.58,2007-07-20 13:55:12
2007-07-20 14:52:48,11.74,0.0,201.62,2007-07-20 14:52:48
2007-07-20 16:04:48,10.25,0.1,201.67,2007-07-20 16:04:48
2007-07-20 17:02:24,10.96,0.1,201.71,2007-07-20 17:02:24
2007-07-20 18:00:00,8.9,0.2,201.75,2007-07-20 18:00:00
2007-07-20 18:57:36,7.39,1.1,201.79,2007-07-20 18:57:36
2007-07-20 19:55:12,6.155,0.1,201.83,2007-07-20 19:55:12
2007-07-20 21:07:12,5.811,0.0,201.88,2007-07-20 21:07:12
2007-07-20 22:04:48,6.368,0.0,201.92,2007-07-20 22:04:48
2007-07-20 23:02:24,7.97,0.0,201.96,2007-07-20 23:02:24
2007-07-21 00:00:00,8.9,0.0,202.0,2007-07-21 00:00:00
2007-07-21 00:57:36,7.15,0.0,202.04,2007-07-21 00:57:36
2007-07-21 01:55:12,7.93,0.0,202.08,2007-07-21 01:55:12
2007-07-21 02:52:48,7.23,0.0,202.12,2007-07-21 02:52:48
2007-07-21 04:04:48,9.38,0.0,202.17,2007-07-21 04:04:48
2007-07-21 05:02:24,8.2,0.0,202.21,2007-07-21 05:02:24
2007-07-21 06:00:00,8.37,0.0,202.25,2007-07-21 06:00:00
2007-07-21 06:57:36,9.34,0.0,202.29,2007-07-21 06:57:36
2007-07-21 07:55:12,10.25,0.0,202.33,2007-07-21 07:55:12
2007-07-21 09:07:12,9.89,0.0,202.38,2007-07-21 09:07:12
2007-07-21 10:04:48,10.92,0.0,202.42,2007-07-21 10:04:48
2007-07-21 11:02:24,12.7,0.0,202.46,2007-07-21 11:02:24
2007-07-21 12:00:00,12.67,0.0,202.5,2007-07-21 12:00:00
2007-07-21 12:57:36,12.82,0.0,202.54,2007-07-21 12:57:36
2007-07-21 13:55:12,11.55,0.0,202.58,2007-07-21 13:55:12
2007-07-21 14:52:48,12.14,0.0,202.62,2007-07-21 14:52:48
2007-07-21 16:04:48,12.47,0.0,202.67,2007-07-21 16:04:48
2007-07-21 17:02:24,12.9,0.0,202.71,2007-07-21 17:02:24
2007-07-21 18:00:00,10.23,0.8,202.75,2007-07-21 18:00:00
2007-07-21 18:57:36,9.01,0.2,202.79,2007-07-21 18:57:36
2007-07-21 19:55:12,7.53,1.6,202.83,2007-07-21 19:55:12
2007-07-21 21:07:12,6.169,0.3,202.88,2007-07-21 21:07:12
2007-07-21 22:04:48,5.689,0.5,202.92,2007-07-21 22:04:48
2007-07-21 23:02:24,5.393,0.2,202.96,2007-07-21 23:02:24
2007-07-22 00:00:00,4.374,5.1,203.0,2007-07-22 00:00:00
2007-07-22 00:57:36,5.749,0.1,203.04,2007-07-22 00:57:36
2007-07-22 01:55:12,5.05,0.0,203.08,2007-07-22 01:55:12
2007-07-22 02:52:48,6.09,0.0,203.12,2007-07-22 02:52:48
2007-07-22 04:04:48,5.389,0.0,203.17,2007-07-22 04:04:48
2007-07-22 05:02:24,4.732,0.0,203.21,2007-07-22 05:02:24
2007-07-22 06:00:00,1.789,0.0,203.25,2007-07-22 06:00:00
2007-07-22 06:57:36,2.172,0.0,203.29,2007-07-22 06:57:36
2007-07-22 07:55:12,4.019,0.0,203.33,2007-07-22 07:55:12
2007-07-22 09:07:12,5.149,0.0,203.38,2007-07-22 09:07:12
2007-07-22 10:04:48,5.414,0.0,203.42,2007-07-22 10:04:48
2007-07-22 11:02:24,5.914,0.0,203.46,2007-07-22 11:02:24
2007-07-22 12:00:00,7.65,0.0,203.5,2007-07-22 12:00:00
2007-07-22 12:57:36,8.08,0.0,203.54,2007-07-22 12:57:36
2007-07-22 13:55:12,9.81,0.0,203.58,2007-07-22 13:55:12
2007-07-22 14:52:48,9.17,0.0,203.62,2007-07-22 14:52:48
2007-07-22 16:04:48,10.83,0.0,203.67,2007-07-22 16:04:48
2007-07-22 17:02:24,10.48,0.0,203.71,2007-07-22 17:02:24
2007-07-22 18:00:00,10.73,0.0,203.75,2007-07-22 18:00:00
2007-07-22 18:57:36,8.14,0.0,203.79,2007-07-22 18:57:36
2007-07-22 19:55:12,6.104,0.0,203.83,2007-07-22 19:55:12
2007-07-22 21:07:12,5.605,0.0,203.88,2007-07-22 21:07:12
2007-07-22 22:04:48,5.408,0.0,203.92,2007-07-22 22:04:48
2007-07-22 23:02:24,5.229,0.0,203.96,2007-07-22 23:02:24
